{"id":1,"timestamp":"2019-05-08T01:03.00Z","category":"平板电脑","areaName":"北京","money":"1450"}
{"id":2,"timestamp":"2019-05-08T01:01.00Z","category":"手机","areaName":"北京","money":"1450"}
{"id":3,"timestamp":"2019-05-08T01:03.00Z","category":"手机","areaName":"北京","money":"8412"}
{"id":4,"timestamp":"2019-05-08T05:01.00Z","category":"电脑","areaName":"上海","money":"1513"}
{"id":5,"timestamp":"2019-05-08T01:03.00Z","category":"家电","areaName":"北京","money":"1550"}
{"id":6,"timestamp":"2019-05-08T01:01.00Z","category":"电脑","areaName":"杭州","money":"1550"}
{"id":7,"timestamp":"2019-05-08T01:03.00Z","category":"电脑","areaName":"北京","money":"5611"}
{"id":8,"timestamp":"2019-05-08T03:01.00Z","category":"家电","areaName":"北京","money":"4410"}
{"id":9,"timestamp":"2019-05-08T01:03.00Z","category":"家具","areaName":"郑州","money":"1120"}
{"id":10,"timestamp":"2019-05-08T01:01.00Z","category":"家具","areaName":"北京","money":"6661"}
{"id":11,"timestamp":"2019-05-08T05:03.00Z","category":"家具","areaName":"杭州","money":"1230"}
{"id":12,"timestamp":"2019-05-08T01:01.00Z","category":"书籍","areaName":"北京","money":"5550"}
{"id":13,"timestamp":"2019-05-08T01:03.00Z","category":"书籍","areaName":"北京","money":"5550"}
{"id":14,"timestamp":"2019-05-08T01:01.00Z","category":"电脑","areaName":"北京","money":"1261"}
{"id":15,"timestamp":"2019-05-08T03:03.00Z","category":"电脑","areaName":"杭州","money":"6660"}
{"id":16,"timestamp":"2019-05-08T01:01.00Z","category":"电脑","areaName":"天津","money":"6660"}
{"id":17,"timestamp":"2019-05-08T01:03.00Z","category":"书籍","areaName":"北京","money":"9000"}
{"id":18,"timestamp":"2019-05-08T05:01.00Z","category":"书籍","areaName":"北京","money":"1230"}
{"id":19,"timestamp":"2019-05-08T01:03.00Z","category":"电脑","areaName":"杭州","money":"5551"}
{"id":20,"timestamp":"2019-05-08T01:01.00Z","category":"电脑","areaName":"北京","money":"2450"}
{"id":21,"timestamp":"2019-05-08T01:03.00Z","category":"食品","areaName":"北京","money":"5520"}
{"id":22,"timestamp":"2019-05-08T01:01.00Z","category":"食品","areaName":"北京","money":"6650"}
{"id":23,"timestamp":"2019-05-08T01:03.00Z","category":"服饰","areaName":"杭州","money":"1240"}
{"id":24,"timestamp":"2019-05-08T01:01.00Z","category":"食品","areaName":"天津","money":"5600"}
{"id":25,"timestamp":"2019-05-08T01:03.00Z","category":"食品","areaName":"北京","money":"7801"}
{"id":26,"timestamp":"2019-05-08T01:01.00Z","category":"服饰","areaName":"北京","money":"9000"}
{"id":27,"timestamp":"2019-05-08T01:03.00Z","category":"服饰","areaName":"杭州","money":"5600"}
{"id":28,"timestamp":"2019-05-08T01:01.00Z","category":"食品","areaName":"北京","money":"8000"}
{"id":29,"timestamp":"2019-05-08T02:03.00Z","category":"服饰","areaName":"北京","money":"7000"}