id,dot_number,dot_name,dot_addr,dot_gis_addr,dot_tel,company_id,manage_area_id,manage_area_gis,state,cdt,udt,remark
1,68673, 传智快递石家庄市桥西区广平街速运营业点, 河北省石家庄市桥西区新石街道广平街与新石南路交口50米路西拐角第三家,114.547421-38.020886, 0311-85018365,1,110000,,1,2017/7/28 7:53,2017/7/28 7:53,
2,57834, 传智快递石家庄市桥西区海龙花园营业点, 河北省石家庄市桥西区南长街道槐安西路交叉口南行海龙花园底商东区南3号门市,114.482548-38.021996, 0311-85018442,1,110000,,1,2007/4/10 2:49,2007/4/10 2:49,
3,84207, 传智快递石家庄市万达营业站, 河北省石家庄市裕华区槐底街道煤机街与槐安东路交口东明商87号（十字路口北行100米路西）,114.55256-38.02296, 0311-85018263,1,110000,,1,2017/9/8 18:20,2017/9/8 18:20,
4,92791, 传智快递石家庄市裕华区红楼营业点, 河北省石家庄市裕华区金利街25号红楼度假村底商（南货场东门对过）,114.500204-38.005548, 0311-85018349,1,110000,,1,2001/4/23 13:05,2001/4/23 13:05,
5,34577, 传智快递石家庄市裕华区南王营业点, 河北省石家庄市裕华区方村镇街与东岗路交口南行300米路东塔北路33号,114.55858-38.011347, 0311-85018227,1,110000,,1,2006/1/6 23:56,2006/1/6 23:56,
6,27088, 传智快递石家庄市深泽县深泽桥头营业点, 河北省石家庄市深泽县真武路150号（温泉小区南区底商）,115.213893-38.186382, 0311-85018597,1,110000,,1,2000/12/23 20:33,2000/12/23 20:33,
7,96227, 传智快递石家庄市无极县科技营业点, 河北省石家庄市无极县无极镇西外环高家庄村科技南路11号,113.975584-38.13575, 0311-85018414,1,110000,,1,2016/3/18 9:10,2016/3/18 9:10,
8,76250, 传智快递石家庄市藁城区育才路营业点, 河北省石家庄市藁城区育才路西头南马村底商,0-0, 0311-85018360,1,110000,,1,2019/5/22 4:04,2019/5/22 4:04,
9,71825, 传智快递石家庄市正定县恒山路营业点, 河北省石家庄市正定县恒山东路正定县地方税务局对面,114.578774-38.153234, 0311-85018348,1,110000,,1,2000/9/6 2:10,2000/9/6 2:10,
10,60118, 传智快递石家庄市长安区冀兴尊园营业点, 河北省石家庄市长安区跃进路167号冀兴尊园底商16座109号商铺,114.541058-38.049882, 0311-66697087,1,110000,,1,2001/8/18 18:55,2001/8/18 18:55,
11,45128, 传智快递石家庄市长安区纺织街营业点, 河北省石家庄市长安区和平东路189号纺织街商铺3-111,114.522803-38.056884, 0311-67301358,1,110000,,1,2007/8/1 1:19,2007/8/1 1:19,
12,81461, 传智快递石家庄市长安区名门街营业点, 河北省石家庄市长安区和平东路189号名门华都4号楼1层105号商铺,114.521186-38.055912, 0311-67301069,1,110000,,1,2008/7/17 19:26,2008/7/17 19:26,
13,45244, 传智快递石家庄市新华区信通花园营业点, 河北省石家庄市新华区北新街信通花园南侧6门,114.484842-38.068194, 0311-67302639,1,110000,,1,2010/1/14 13:51,2010/1/14 13:51,
14,55230, 传智快递石家庄市新华区北大街营业点, 河北省石家庄市新华区北大街66-2号,114.487156-38.051214, 0311-67302660,1,110000,,1,2011/5/23 9:40,2011/5/23 9:40,
15,75320, 传智快递石家庄市新华区红军大街营业点, 河北省石家庄市新华区红军大街32号,114.470432-38.060234, 0311-67302968,1,110000,,1,2005/1/21 22:45,2005/1/21 22:45,
16,24283, 传智快递石家庄市新华区太和电子城营业点, 河北省石家庄市新华区新华路111号华泰家园15号楼底商2号门市,114.4832-38.048316, 0311-67560662,1,110000,,1,2016/4/6 12:16,2016/4/6 12:16,
17,57112, 传智快递石家庄市裕华区祥龙花园营业点, 河北省石家庄市裕华区东风路206号祥龙花园底商,114.514594-38.023336, 0311-67502356,1,110000,,1,2018/11/28 15:05,2018/11/28 15:05,
18,66702, 传智快递石家庄市新华区农科路营业点, 河北省石家庄市新华区农科路省农科院经济适用房底商11号C区5铺,114.447661-38.056422, 0311-85018229,1,110000,,1,2006/3/9 4:30,2006/3/9 4:30,
19,52906, 传智快递石家庄市鹿泉区会馆路营业点, 河北省石家庄市鹿泉区会馆路东段环保局宿舍一排三户,114.464365-38.033979, 0311-85018428,1,110000,,1,2003/10/28 14:25,2003/10/28 14:25,
20,65372, 传智快递石家庄市赞皇县治平寺大街营业点, 河北省石家庄市赞皇县治平寺南街太行东路交口南行100米路东,114.399776-37.658693, 0311-85018357,1,110000,,1,2011/3/16 7:42,2011/3/16 7:42,
21,22838, 传智快递石家庄市长安区卓达明郡营业点, 河北省石家庄市长安区谈固西街与跃进路交口北卓达明郡7-104底商,114.557324-38.050798, 0311-85018197,1,110000,,1,2017/10/13 1:07,2017/10/13 1:07,
22,49529, 传智快递石家庄市高邑县凤中路速运营业点, 河北省石家庄市高邑县高邑镇凤中路东关段北侧,114.633182-37.603168, 0311-85018356,1,110000,,1,2001/9/18 3:26,2001/9/18 3:26,
23,30898, 传智快递石家庄市灵寿县正南街营业点, 河北省石家庄市灵寿县灵寿镇工业路与东环路交口东行200米路南,114.398241-38.300935,13230441545,1,110000,,1,2004/9/25 5:48,2004/9/25 5:48,
24,26117, 传智快递石家庄市栾城县丰泽大街营业点, 河北省石家庄市栾城区栾城镇惠源路4号栾城大酒店南行100米路东,114.645834-37.891726, 0311-85018351,1,110000,,1,2009/11/29 9:04,2009/11/29 9:04,
25,43884, 传智快递石家庄市平山县安居小区营业点, 河北省石家庄市平山县西柏坡镇城东川街敬业宾馆北行安居小区19号商铺,114.214329-38.262842, 0311-85018329,1,110000,,1,2011/10/14 8:55,2011/10/14 8:55,
26,86115, 传智快递石家庄市新华区西焦北路营业点, 河北省石家庄市新华区西苑街道西焦北路2号,114.451764-38.052298, 0311-67903339,1,110000,,1,2000/12/21 12:39,2000/12/21 12:39,
27,37046, 传智快递济南天桥五环花苑营业点, 山东省济南市天桥区无影山中路五环花苑6号楼一单元102室;,116.97519-36.680896, 0531-85662605,1,110000,,1,2016/12/18 20:24,2016/12/18 20:24,
28,27912, 传智快递济南市中绿地中心营业点, 山东省济南市市中区经二路99-3号,117.004017-36.665607, 0531-86112296,1,110000,,1,2004/12/2 15:12,2004/12/2 15:12,
29,14716, 传智快递济南市中银座晶都营业点, 山东省济南市市中区顺河东街66号银座晶都国际109铺,117.007802-36.660184, 0531-82903601,1,110000,,1,2008/1/16 18:41,2008/1/16 18:41,
30,26849, 传智快递济南市中连城国际营业点, 山东省济南市槐荫区丁字山路40号（兰亭鉴筑西侧）,116.973342-36.641199, 0531-87036523,1,110000,,1,2018/6/5 22:56,2018/6/5 22:56,
31,26873, 传智快递济南历城华龙路营业点, 山东省济南市历城区花园路和二环东路交叉口西南角兴泉大酒店往南600米路西,117.071341-36.684656, 0531-69955671,1,110000,,1,2006/1/18 11:17,2006/1/18 11:17,
32,19270, 传智快递济南历下燕山盛世营业点, 山东省济南市历下区和平路34号,117.050855-36.660998,17362172724,1,110000,,1,2018/2/9 13:19,2018/2/9 13:19,
33,46403, 传智快递济南历下经济学院营业点, 山东省济南市历下区荆山路898号（财经大学南门对面向西200米路南）,0-0, 0531-88923107,1,110000,,1,2007/4/18 19:42,2007/4/18 19:42,
34,63018, 传智快递济南济阳名门世家营业点, 山东省济南市济阳县安康街中段名门世家小区门口,117.184795-36.980378,18854143131,1,110000,,1,2019/5/23 20:49,2019/5/23 20:49,
35,51925, 传智快递济南槐荫西客站营业点, 山东省济南市槐荫区物流大道铭邦钢材市场沿街B15号门头房,116.879596-36.654787, 0531-66892568,1,110000,,1,2018/4/4 4:09,2018/4/4 4:09,
36,42917, 传智快递济南天桥翡翠郡营业点, 山东省济南市天桥区济南市天桥区无影山东路23号对面,116.983399-36.686284, 0531-81766920,1,370100,,1,2008/2/20 2:51,2008/2/20 2:51,
37,23571, 传智快递济南槐荫腊山立交桥营业点, 山东省济南市槐荫区经十路27180-1号,116.93143-36.650703, 0531-82706558,1,370100,,1,2014/5/13 1:37,2014/5/13 1:37,
38,31212, 传智快递济南天桥金凤苑营业部, 山东省济南市天桥区济洛路158号通道——117、119号（晨光公司院内）,116.996952-36.681745, 0531-85905629,1,370100,,1,2013/8/8 19:16,2013/8/8 19:16,
39,53494, 传智快递济南槐荫裕园社区营业点, 山东省济南市槐荫区经四路661号东方新天地花园3号楼2单元101室,116.967844-36.658376, 0531-87955295,1,370100,,1,2010/7/21 19:45,2010/7/21 19:45,
40,38188, 传智快递济南天桥发祥公馆营业点, 山东省济南市槐荫区经一路128号,116.986848-36.665735, 0531-69957636,1,370100,,1,2012/8/2 23:11,2012/8/2 23:11,
41,64203, 传智快递济南长清玉符街营业点, 山东省济南市长清区文昌街道玉符街1896号,116.752217-36.56444, 0531-87351916,1,370100,,1,2015/8/2 6:32,2015/8/2 6:32,
42,81357, 传智快递济南平阴振兴街营业点, 山东省济南市平阴县锦东新区锦东大街东段金冠新城门头房4号,116.464786-36.282982, 0531-87851300,1,370100,,1,2014/11/14 6:49,2014/11/14 6:49,
43,90621, 传智快递济南历下洪山路营业点, 山东省济南市历下区龙洞街道浆水泉路13号烧烤大院,117.054796-36.682624, 0531-82964272,1,370100,,1,2001/7/30 22:34,2001/7/30 22:34,
44,17414, 传智快递济南天桥通讯城营业点, 山东省济南市天桥区济洛路92号通讯城一楼门头房南21号,116.995833-36.697833, 0531-85705670,1,370100,,1,2013/9/2 19:42,2013/9/2 19:42,
45,48211, 传智快递济南历下华强营业点, 山东省济南市历下区山大路157号YB010、YB011、YB012铺位,117.054328-36.668197, 0531-66892581,1,370100,,1,2004/6/5 16:58,2004/6/5 16:58,
46,88393, 传智快递济南历下省博物馆营业点, 山东省济南市历下区姚家金街28-29号,117.086649-36.661029, 0531-88952069,1,370100,,1,2012/7/29 8:59,2012/7/29 8:59,
47,16585, 传智快递滨河速运营业点, 山东省济南市济阳县永康街中段,117.164757-36.954189,18663719868,1,370100,,1,2017/12/10 23:21,2017/12/10 23:21,
48,95832, 传智快递宝岛路速运营业点, 山东省济南市章丘区龙山街道鲁宏大道宝岛街土财主酒店对面,117.538479-36.700257,17362172734,1,370100,,1,2001/6/11 3:20,2001/6/11 3:20,
49,32449, 传智快递郑州市管城回族区郑州一建营业点, 河南省郑州市管城回族区城南路187-5号371ED(紫荆山路与城南路交叉口向东20米路南),0-0,15343820304,1,410100,,1,2014/10/31 18:26,2014/10/31 18:26,
50,16853, 传智快递郑州市新郑市新二中营业点, 河南省郑州市新郑市中华北路新二中对面向西50米路南371H,113.741326-34.403414, 0371-63200040,1,410100,,1,2005/3/30 4:48,2005/3/30 4:48,
51,19885, 传智快递郑州管城明珠广场营业点, 河南省郑州市管城回族区北下街街道商城路231号,113.672449-34.754275, 0371-55113570,1,410100,,1,2017/7/28 7:53,2017/7/28 7:53,
52,57200, 传智快递郑州新密东城半岛营业点, 河南省郑州市新密市新华路街道新华路办事处溱水路与密州大道交汇处东城半岛小区1栋楼1单元楼下,113.410256-34.52571,18236776815,1,410100,,1,2007/4/10 2:49,2007/4/10 2:49,
53,52709, 传智快递郑州市美宜商务营业点, 河南省郑州市中原区桐柏路街道火电二处社区西站路67号美宜商务一楼门面房,113.619803-34.766689, 0371-63286377,1,410100,,1,2017/9/8 18:20,2017/9/8 18:20,
54,12017, 传智快递郑州市金水区凯旋门营业点, 河南省郑州市金水区未来路西城北路南军旅凯旋门项目一期甲号楼,0-0,13333860076,1,410100,,1,2001/4/23 13:05,2001/4/23 13:05,
55,40398, 传智快递郑州市上街区鸿盛新城营业点, 河南省郑州市上街区丹江北路与洛宁路交叉口向西100米路北,113.280597-34.802115,13343710560,1,410100,,1,2006/1/6 23:56,2006/1/6 23:56,
56,12558, 传智快递郑州市荥阳市鑫源小区营业点, 河南省郑州市荥阳市万山路与310国道交西300米路北,113.385811-34.767548,18937127967,1,410100,,1,2000/12/23 20:33,2000/12/23 20:33,
57,43950, 传智快递郑州市中原区昆仑华府营业点, 河南省郑州市中原区华山路80号院昆仑华府18号楼1-2层1,113.599225-34.737721, 0371-63303822,1,410100,,1,2016/3/18 9:10,2016/3/18 9:10,
58,21254, 传智快递郑州市金水区家天下营业点, 河南省郑州市金水区南阳路东、群办路南13号楼1层101号,113.638637-34.791993, 0371-63284675,1,410100,,1,2019/5/22 4:04,2019/5/22 4:04,
59,20704, 传智快递郑州二七区锦祥小区营业点, 河南省郑州市二七区张魏寨东街锦祥小区负一号院一楼门面房371NA,113.749403-34.768427,60934008,1,410100,,1,2000/9/6 2:10,2000/9/6 2:10,
60,39293, 传智快递郑州市金水区金阳光居易营业点, 河南省郑州市金水区丰庆路群办路交叉口向北50米路东,113.64799-34.79682, 0371-55322469,1,410100,,1,2001/8/18 18:55,2001/8/18 18:55,
61,43937, 传智快递郑州市二七区二道街营业点, 河南省郑州市二七区铭功路二道街168号-22,113.657722-34.755311, 0371-53313962,1,410100,,1,2007/8/1 1:19,2007/8/1 1:19,
62,23102, 传智快递郑州市金水区中鼎花园营业点, 河南省郑州市金水区文化北路36号中鼎花园西门北50米路东3号商铺,113.659488-34.811827,15333711160,1,410100,,1,2008/7/17 19:26,2008/7/17 19:26,
63,85521, 传智快递郑州市金水区数码公寓营业部, 河南省郑州市金水区文博西路25号院商业裙房1层29号,113.716483-34.729865, 0371-55959213,1,410100,,1,2010/1/14 13:51,2010/1/14 13:51,
64,18229, 传智快递郑州市管城回族区福华大厦营业点, 河南省郑州市管城回族区东大街59号福华大厦西门向里100米门面,113.678864-34.751135, 0371-60101081,1,410100,,1,2011/5/23 9:40,2011/5/23 9:40,
65,23137, 传智快递北京西城香炉营营业站, 北京市西城区广安门内街道石头胡同74号,116.390909-39.891935, 010-51252684,1,110000,,1,2005/1/21 22:45,2005/1/21 22:45,
66,87053, 传智快递北京西城月坛北小街营业站, 北京市西城区月坛街道月坛北小街10号院,116.345678-39.918706, 010-66152120,1,110000,,1,2016/4/6 12:16,2016/4/6 12:16,
67,24379, 传智快递北京密云沙河东区营业站, 北京市密云区沙河东区3-9门脸房,0-0, 010-89081514,1,110000,,1,2018/11/28 15:05,2018/11/28 15:05,
68,58816, 传智快递北京昌平星火街营业点, 北京市昌平区永安路38号院内西侧平房,116.231592-40.224914, 010-57364273,1,110000,,1,2006/3/9 4:30,2006/3/9 4:30,
69,76443, 传智快递北京朝阳小庄营业点, 北京市朝阳区金台北街1号楼一层底商,116.478869-39.919034, 010-85994854,1,110000,,1,2003/10/28 14:25,2003/10/28 14:25,
70,28815, 传智快递北京朝阳甜水园营业点, 北京市朝阳区水锥子北里3号楼103-1号,116.474057-39.930723, 010-65007135,1,110000,,1,2011/3/16 7:42,2011/3/16 7:42,
71,52471, 传智快递北京朝阳工体南路营业点, 北京市朝阳区朝外大街12号昆泰商城底商,116.444946-39.922824, 010-85639233,1,110000,,1,2017/10/13 1:07,2017/10/13 1:07,
72,21317, 传智快递北京朝阳雅宝路营业点, 北京市朝阳区呼家楼街道日坛北路17号日坛国际商贸中心B座1YA26,116.442676-39.919472, 010-85690744,1,110000,,1,2001/9/18 3:26,2001/9/18 3:26,
73,48061, 传智快递北京三家店营业点, 北京市门头沟区龙泉地区黑山小学北100米路东,0-0, 010-69858807,1,110000,,1,2004/9/25 5:48,2004/9/25 5:48,
74,43528, 传智快递北京朝阳国贸营业点, 北京市朝阳区光华路22号1层135商铺,116.452232-39.912945, 010-85958687,1,110000,,1,2009/11/29 9:04,2009/11/29 9:04,
75,72787, 传智快递北京东城军区营业点, 北京市东城区南门仓2-2,116.428361-39.929014, 010-84066456,1,110000,,1,2011/10/14 8:55,2011/10/14 8:55,
76,61049, 传智快递北京朝阳万通营业站, 北京市朝阳区朝外街道朝外大街甲六号万通中心B1-101,116.456121-39.920134, 010-85639233,1,110000,,1,2000/12/21 12:39,2000/12/21 12:39,
77,37923, 传智快递北京东城万豪营业站, 北京东城区崇文门外街道北京市东城区崇文门外街道北京东城盔甲厂1号,116.432284-39.903289, 010-65599402,1,110000,,1,2016/12/18 20:24,2016/12/18 20:24,
78,37483, 传智快递北京西城月坛营业部, 北京市西城区西便门西里3号楼底商,116.357991-39.867803, 010-66152120,1,110000,,1,2004/12/2 15:12,2004/12/2 15:12,
79,21950, 传智快递北京朝阳银泰营业站, 北京市朝阳区朝外街道建国门外大街2号银泰写字楼,116.458463-39.907045, 010-00000000,1,110000,,1,2008/1/16 18:41,2008/1/16 18:41,
80,66333, 传智快递北京朝阳聚龙花园营业点, 北京市朝阳区朝外街道朝外大街99号百脑汇一层,116.445737-39.924055, 010-85613198,1,110000,,1,2018/6/5 22:56,2018/6/5 22:56,
81,92968, 传智快递北京东城东方银座营业点, 北京市东城区十字坡街8号铂晶豪庭103号,116.439516-39.938462, 010-64163635,1,110000,,1,2006/1/18 11:17,2006/1/18 11:17,
82,46931, 传智快递北京东城金宝街营业部, 北京市东城区朝阳门南小街大方家胡同40-2号,116.427694-39.919327, 010-65599402,1,110000,,1,2018/2/9 13:19,2018/2/9 13:19,
83,75113, 传智快递北京东城领行营业点, 北京市东城区东花市南里东区9号楼C3,116.435802-39.897159, 010-87103865,1,110000,,1,2007/4/18 19:42,2007/4/18 19:42,
84,57425, 传智快递北京东城聚宝营业点, 北京市东城区安定门街道美术馆后街12号,116.408432-39.929168, 010-64553934,1,110000,,1,2019/5/23 20:49,2019/5/23 20:49,
85,28866, 传智快递北京西城灵境胡同营业点, 北京市西城区东斜街65号灵境胡同,116.373746-39.915912, 010-66065077,1,110000,,1,2018/4/4 4:09,2018/4/4 4:09,
86,57272, 传智快递北京西城西四营业点, 北京市西城区西四北大街158戊,116.373704-39.926976, 010-66027507,1,110000,,1,2008/2/20 2:51,2008/2/20 2:51,
87,21828, 传智快递北京通州杨庄营业点, 北京市通州区北苑街道通惠南路6号院7-A110,116.643834-39.908613, 010-80847384,1,110000,,1,2014/5/13 1:37,2014/5/13 1:37,
88,80354, 传智快递北京通州通顺街营业点, 北京市通州区四元厅14号一层底商,116.659771-39.903451, 010-60562511,1,110000,,1,2013/8/8 19:16,2013/8/8 19:16,
89,74272, 传智快递北京丰台鼎恒中心营业点, 北京市丰台区卢沟桥地区西四环南路8-1号,0-0,18519633070,1,110000,,1,2010/7/21 19:45,2010/7/21 19:45,
90,62629, 传智快递北京通州临河里营业点, 北京市通州区梨园街道中建二局写字楼临二库房北洋洼251,0-0, 010-80873200,1,110000,,1,2012/8/2 23:11,2012/8/2 23:11,
91,72210, 传智快递北京丰台韩庄子营业点, 北京市丰台区造甲街110号永乐产业园院内,116.297255-39.843591, 010-63718077,1,110000,,1,2015/8/2 6:32,2015/8/2 6:32,
92,57509, 传智快递北京通州紫荆园营业点, 北京市通州区永顺街道东营前街6-2,116.671981-39.899398, 010-80888728,1,110000,,1,2014/11/14 6:49,2014/11/14 6:49,
93,44315, 传智快递北京丰台东大街营业点, 北京市丰台区宛平城地区西四环南路64号院旁边,116.288436-39.823993,13910270126,1,110000,,1,2001/7/30 22:34,2001/7/30 22:34,
94,39016, 传智快递北京丰台五里店营业点, 北京市丰台区五里店北里一区京辰瑞达大厦底商108室,116.261056-39.863986, 010-83733502,1,110000,,1,2013/9/2 19:42,2013/9/2 19:42,
95,46417, 传智快递北京石景山鲁谷营业点, 北京市石景山区鲁谷街道CRD银座B座,116.227773-39.904929,13439800574,1,110000,,1,2004/6/5 16:58,2004/6/5 16:58,
96,77341, 传智快递北京大兴金辅路营业点, 北京市大兴区黄村镇团河路48号院盛嘉华苑3号楼109,116.353129-39.735892, 010-56929113,1,110000,,1,2012/7/29 8:59,2012/7/29 8:59,
97,68412, 传智快递北京大兴林校路营业点, 北京市大兴区北京市大兴区黄村镇林校路61-8号(漪景园),0-0, 010-89295328,1,110000,,1,2017/12/10 23:21,2017/12/10 23:21,
98,15002, 传智快递北京房山碧波园营业点, 北京市房山区长阳镇碧波园底商,116.177443-39.750614, 010-89375089,1,110000,,1,2001/6/11 3:20,2001/6/11 3:20,
99,66231, 传智快递北京顺义航港营业点, 北京市顺义区仁和镇南白路21号,116.620166-40.119579, 010-69450069,1,110000,,1,2014/10/31 18:26,2014/10/31 18:26,
100,24656, 传智快递北京怀柔富密路营业点, 北京市怀柔区庙城镇293号院(石厂环岛南200米大陆驾校北第四个门脸),0-0, 010-89608567,1,110000,,1,2005/3/30 4:48,2005/3/30 4:48,
101,17209, 传智快递北京密云水源路营业点, 北京市密云区鼓楼街道新中街189号（水源路中石油加油站东侧）,0-0, 010-89030690,1,110000,,1,2017/7/28 7:53,2017/7/28 7:53,
102,59056, 传智快递北京顺义西辛南区营业点, 北京市顺义区顺白路12号西辛小学对面停车场,116.643841-40.134403, 010-61428820,1,110000,,1,2007/4/10 2:49,2007/4/10 2:49,
103,17150, 传智快递北京平谷电视塔营业点, 北京市平谷区谷丰东路8号,117.118503-40.155677, 010-69959691,1,110000,,1,2017/9/8 18:20,2017/9/8 18:20,
104,70510, 传智快递北京昌平西关速运营业点, 北京昌平区十三陵镇十三陵镇涧头村,116.211148-40.243931, 010-89786902,1,110000,,1,2001/4/23 13:05,2001/4/23 13:05,
105,50382, 传智快递北京朝阳光华路营业站, 北京市朝阳区团结湖街道北京市朝阳区团结湖街道北京朝阳区光华路22号一层129-1,116.454165-39.931732,13716334810,1,110000,,1,2006/1/6 23:56,2006/1/6 23:56,
106,82672, 传智快递北京东城交林营业站, 北京东城区安定门街道和平里东街交林夹道3号楼,116.428791-39.957166, 010-64472881,1,110000,,1,2000/12/23 20:33,2000/12/23 20:33,
107,18251, 传智快递北京东城滨河路营业站, 北京东城区和平里街道北京市东城区和平里街道北京市东城区西滨河路18号对面平房,116.390434-39.970531, 010-64472881,1,110000,,1,2016/3/18 9:10,2016/3/18 9:10,
108,80632, 传智快递北京永定路速运营业点, 北京市海淀区田村路街道田村山南路9号院1号楼底商,116.248531-39.920971,17346522534,1,110000,,1,2019/5/22 4:04,2019/5/22 4:04,
109,39500, 传智快递北京西城三里河营业站, 北京西城区月坛街道北京市西城区月坛街道北京市西城区三里河二区甲9号楼2门1号,116.343213-39.910394, 010-66152120,1,110000,,1,2000/9/6 2:10,2000/9/6 2:10,
110,52349, 传智快递北京石景山莲石速运营业点, 北京市石景山区鲁谷街道华庭快捷酒店（路尚鲁谷店）,0-0,15701098520,1,110000,,1,2001/8/18 18:55,2001/8/18 18:55,
111,68892, 传智快递北京顺义聚福祥速运营业点, 北京市顺义区仁和地区顺义区建新西街怡馨家园29号楼112门脸房（达人街东）,116.647703-40.121396, 010-69460076,1,110000,,1,2007/8/1 1:19,2007/8/1 1:19,
112,36920, 传智快递北京鼎好大厦一期楼上营业站, 北京市海淀区中关村街道东三街榆树林小区一号底商,116.312958-39.97657, 010-62562993,1,110000,,1,2008/7/17 19:26,2008/7/17 19:26,
113,58186, 传智快递北京双安商场南2商超营业站, 北京市海淀区北三环西路38号双安商场内,116.325813-39.966354, 010-62128023,1,110000,,1,2010/1/14 13:51,2010/1/14 13:51,
114,85817, 传智快递北京朝阳建外SOHO营业点, 北京市朝阳区建外大街三道街24号院（能量大厦）,116.478496-39.887161, 010-65667990,1,110000,,1,2011/5/23 9:40,2011/5/23 9:40,
115,86719, 传智快递北京东城俊景苑小区营业点, 北京市东城区前拐棒胡同28号俊景苑底商,116.420952-39.92313, 010-65253908,1,110000,,1,2005/1/21 22:45,2005/1/21 22:45,
116,62804, 传智快递北京西城佟麟阁路营业点, 北京市西城区西长安街街道广安胡同宣武门西大街后八号楼一层甲3号,116.368617-39.899375,18510226511,1,110000,,1,2016/4/6 12:16,2016/4/6 12:16,
117,70375, 传智快递北京西城军事博物馆营业点, 北京市西城区莲花池东路甲5号白云时代大厦B座1层底商,116.318522-39.882022,18611539157,1,110000,,1,2018/11/28 15:05,2018/11/28 15:05,
118,97350, 传智快递北京朝阳朝外soho营业站, 北京市朝阳区朝外街道朝外大街乙6号,116.455207-39.919957, 010-85639233,1,110000,,1,2006/3/9 4:30,2006/3/9 4:30,
119,88583, 传智快递北京朝阳三里屯速运营业点, 北京市朝阳区关东店北街23号保罗会馆底商,116.455965-39.922633, 010-65924289,1,110000,,1,2003/10/28 14:25,2003/10/28 14:25,
120,87410, 传智快递北京石景山璟上璟营业站, 北京市石景山区古城街道京原路27号,116.199484-39.888009,15011365528,1,110000,,1,2011/3/16 7:42,2011/3/16 7:42,
121,49684, 传智快递北京延庆八达岭速运营业点, 北京市延庆区延庆镇延庆镇司家营村司家营西斜街3号,115.993001-40.442623,13811371314,1,110000,,1,2017/10/13 1:07,2017/10/13 1:07,
122,86590, 传智快递北京朝阳建外SOHO速运营业点, 北京市朝阳区东三环中路39号建外SOHO西区13号楼底商1358一层,116.453746-39.905425, 010-59009543,1,110000,,1,2001/9/18 3:26,2001/9/18 3:26,
123,16326, 传智快递北京海淀长智营业站, 北京市海淀区官园华年鱼虫市场,0-0, 010-00000000,1,110000,,1,2004/9/25 5:48,2004/9/25 5:48,
124,20760, 传智快递北京海淀丹棱街营业点, 北京市海淀区中关村街道15号远中悦莱大厦底商,116.310019-39.977619, 010-82650511,1,110000,,1,2009/11/29 9:04,2009/11/29 9:04,
125,57831, 传智快递北京海淀彩和坊路营业点, 北京市海淀区北太平庄街道15号远中悦莱大厦底商15-6,116.310006-39.977414, 010-82650520,1,110000,,1,2011/10/14 8:55,2011/10/14 8:55,
126,88889, 传智快递北京海淀亿世界营业点, 北京市海淀区中关村街道东三街榆树林小区一号底商,116.312958-39.97657, 010-62562993,1,110000,,1,2000/12/21 12:39,2000/12/21 12:39,
127,88658, 传智快递北京海淀万泉庄营业点, 北京市海淀区小南庄路400号如家酒店旁,116.305332-39.9365,18600504732,1,110000,,1,2016/12/18 20:24,2016/12/18 20:24,
128,16475, 传智快递北京海淀裕泽园营业部, 北京市海淀区彰化南路裕泽园7-103,116.291716-39.936199,18519031933,1,110000,,1,2004/12/2 15:12,2004/12/2 15:12,
129,48531, 传智快递北京汉威大厦CBD营业站, 北京市朝阳区光华路7号汉威大厦A109,116.454689-39.913994, 010-65618228,1,110000,,1,2008/1/16 18:41,2008/1/16 18:41,
130,39019, 传智快递北京海淀北理工海淀校区营业站, 北京市海淀区中关村街道中关村南大街5号,116.310362-39.964475,13910998042,1,110000,,1,2018/6/5 22:56,2018/6/5 22:56,
131,75705, 传智快递北京海淀中发营业站, 北京海淀区海淀街道知春路132号中发电子大厦东楼外侧,116.318769-39.97558, 010-82059807,1,110000,,1,2006/1/18 11:17,2006/1/18 11:17,
132,45133, 传智快递北京海淀半壁街南路营业点, 北京市海淀区半壁街路2号长昆名居1号楼底商,116.298642-39.9519, 010-68474799,1,110000,,1,2018/2/9 13:19,2018/2/9 13:19,
133,86540, 传智快递人民大学速运营业点, 北京市海淀区半壁街南路2号院长昆名居B座1001,116.298339-39.951818, 010-68939860,1,110000,,1,2007/4/18 19:42,2007/4/18 19:42,
134,29101, 传智快递大方家速运营业点, 北京市东城区朝阳门南小街大方家胡同40-2号,116.427694-39.919327, 010-65286413,1,110000,,1,2019/5/23 20:49,2019/5/23 20:49,
135,36845, 传智快递恒基营业站, 北京市东城区东城区建国门内大街8号中粮大厦地下一层,116.430573-39.907556, 010-65599402,1,110000,,1,2018/4/4 4:09,2018/4/4 4:09,
136,43352, 传智快递东方广场营业站, 北京市东城区东长安街1号东方广场东区地下停车场,116.416331-39.910081, 010-65599402,1,110000,,1,2008/2/20 2:51,2008/2/20 2:51,
137,29605, 传智快递新东安广场营业站, 北京市东城区王府井大街138号新东安广场地下停车场,116.412613-39.915414, 010-65599402,1,110000,,1,2014/5/13 1:37,2014/5/13 1:37,
138,83364, 传智快递西国贸营业站, 北京市丰台区宛平城地区丰管路16号9号楼1021,116.310064-39.856194,13910270126,1,110000,,1,2013/8/8 19:16,2013/8/8 19:16,
139,38059, 传智快递刘庄子营业站, 北京市丰台区宛平城地区刘庄子路119号,116.261689-39.845752, 010-00000000,1,110000,,1,2010/7/21 19:45,2010/7/21 19:45,
140,58367, 传智快递金融街速运营业点, 北京市西城区金融街街道金融街社区西单北大街53号,116.3733-39.91622, 010-66027568,1,110000,,1,2012/8/2 23:11,2012/8/2 23:11,
141,99622, 传智快递上海松江岳阳营业点, 上海市松江区美能达路306号,121.254405-31.025573, 021-57741906,1,110000,,1,2015/8/2 6:32,2015/8/2 6:32,
142,80721, 传智快递上海虹口飞虹营业点, 上海市虹口区上海市虹口区飞虹路407号,121.50532-31.263863, 021-55782977,1,110000,,1,2014/11/14 6:49,2014/11/14 6:49,
143,17275, 传智快递上海闸北九龙营业点, 上海市静安区天潼路672号一层,121.480514-31.243791, 021-56532961,1,110000,,1,2001/7/30 22:34,2001/7/30 22:34,
144,32459, 传智快递上海黄浦外滩营业点, 上海市黄浦区河南中路660號,121.483679-31.241822, 021-63085382,1,110000,,1,2013/9/2 19:42,2013/9/2 19:42,
145,48448, 传智快递上海闸北恒丰营业点, 上海市静安区恒丰路55号,121.458376-31.240125, 021-62196975,1,110000,,1,2004/6/5 16:58,2004/6/5 16:58,
146,58930, 传智快递上海市昌化营业点, 上海市普陀区普陀区西康路1369号,121.436051-31.243777, 021-52728277,1,110000,,1,2012/7/29 8:59,2012/7/29 8:59,
147,20315, 传智快递上海浦东大桥营业点, 上海市浦东新区源深路125号,121.530422-31.240179, 021-50932689,1,110000,,1,2017/12/10 23:21,2017/12/10 23:21,
148,14692, 传智快递上海静安长寿营业点, 上海市普陀区江宁路918号,121.442012-31.245641, 021-62986850,1,110000,,1,2001/6/11 3:20,2001/6/11 3:20,
149,36367, 传智快递上海静安新闸营业点, 上海市静安区新闸路833号一层-2,121.459523-31.234547, 021-62268231,1,110000,,1,2014/10/31 18:26,2014/10/31 18:26,
150,35001, 传智快递上海黄浦南市营业点, 上海市黄浦区金陵东路68号,121.488843-31.230986, 021-63263552,1,110000,,1,2005/3/30 4:48,2005/3/30 4:48,
151,64752, 传智快递上海静安江宁营业点, 上海市静安区武定路579号,121.449513-31.232916, 021-62567083,1,110000,,1,2017/7/28 7:53,2017/7/28 7:53,
152,18098, 传智快递上海黄浦卢湾营业点, 上海市黄浦区文庙路5、7号,121.4909-31.219478, 021-63665023,1,110000,,1,2007/4/10 2:49,2007/4/10 2:49,
153,91592, 传智快递上海黄浦淮海营业部, 上海市黄浦区西藏南路889弄1楼,121.485905-31.213881, 021-63149299,1,110000,,1,2017/9/8 18:20,2017/9/8 18:20,
154,72557, 传智快递上海浦东东方营业点, 上海市浦东新区峨山路111号,121.531034-31.215115, 021-58300461,1,110000,,1,2001/4/23 13:05,2001/4/23 13:05,
155,35416, 传智快递上海普陀长风营业点, 上海市普陀区普陀区金沙江路1340弄27号102室,121.386006-31.233382, 021-62565276,1,110000,,1,2006/1/6 23:56,2006/1/6 23:56,
156,65040, 传智快递上海长宁遵义营业点, 上海市长宁区长宁路1501号,121.408638-31.216763, 021-62163109,1,110000,,1,2000/12/23 20:33,2000/12/23 20:33,
157,47947, 传智快递上海浦东世纪营业点, 上海市浦东新区梅花路571号,121.548518-31.208843, 021-50435738,1,110000,,1,2016/3/18 9:10,2016/3/18 9:10,
158,95809, 传智快递上海浦东锦绣营业点, 上海市浦东新区锦安东路436号,121.543299-31.199743,18701981308,1,110000,,1,2019/5/22 4:04,2019/5/22 4:04,
159,76985, 传智快递上海长宁兆丰营业点, 上海市长宁区虹桥街道长宁区长宁路373号底层,121.427188-31.223097,15000479581,1,110000,,1,2000/9/6 2:10,2000/9/6 2:10,
160,88913, 传智快递上海长宁中山营业点, 上海市长宁区虹桥街道番禺路1号裙房A2室—2,121.430163-31.210181, 021-32265771,1,110000,,1,2001/8/18 18:55,2001/8/18 18:55,
161,21692, 传智快递上海静安新丰营业点, 上海市静安区曹家渡街道.余姚路88号,121.442705-31.236732,13564160135,1,110000,,1,2007/8/1 1:19,2007/8/1 1:19,
162,83957, 传智快递上海普陀东新营业点, 上海普陀区长寿路街道.东新支路110弄1号,121.425574-31.243363,15002143282,1,110000,,1,2008/7/17 19:26,2008/7/17 19:26,
163,25767, 传智快递上海静安巨鹿营业点, 上海市静安区曹家渡街道曹家渡街道余姚路86号,121.435957-31.232234, 021-62560733,1,110000,,1,2010/1/14 13:51,2010/1/14 13:51,
164,26042, 传智快递上海普陀枣阳营业点, 上海市普陀区长风新村街道金沙江路1340号D座33号一幢,121.386818-31.233448, 021-62340615,1,110000,,1,2011/5/23 9:40,2011/5/23 9:40,
165,71450, 传智快递石家庄市井陉县营业点, 河北省石家庄市井陉县微水镇陉山大道3号风景线底商,114.145047-38.02315, 0311-85018367,1,110000,,1,2005/1/21 22:45,2005/1/21 22:45,
166,95738, 传智快递石家庄市桥西区长丰路营业点, 河北省石家庄市桥西区长丰路4-9号门市,114.463182-38.038173, 0311-85018355,1,110000,,1,2016/4/6 12:16,2016/4/6 12:16,
167,70273, 传智快递石家庄市桥西区汇丰路营业点, 河北省石家庄市桥西区红旗南大街与汇丰路交口西美花城小区南门底商,114.46308-37.99534, 0311-67268359,1,110000,,1,2018/11/28 15:05,2018/11/28 15:05,
168,77791, 传智快递石家庄市井陉矿区中央首府营业点, 河北省石家庄市井陉矿区矿市南街65号中央首府展示中心东行10米底商,114.0616-38.058995, 0311-85018370,1,110000,,1,2006/3/9 4:30,2006/3/9 4:30,
169,69183, 传智快递河北省石家庄市平山县温塘营业站, 河北省石家庄市平山县平山镇东川街安居小区（19号商铺）,114.214329-38.262842, 0311-85018329,1,110000,,1,2003/10/28 14:25,2003/10/28 14:25,
170,24779, 传智快递成都师范学院营业站, 四川省成都市温江区公平街道成都师范学院,103.828889-30.676073, 028-00000000,1,510100,,1,2011/3/16 7:42,2011/3/16 7:42,
171,21173, 传智快递川农成都校区营业站, 四川省成都市温江区公平街道四川农业大学成都校区内,103.861656-30.705176, 028-00000000,1,510100,,1,2017/10/13 1:07,2017/10/13 1:07,
172,69998, 传智快递成都致民路营业点, 四川省成都市武侯区致民东路13号附22号,104.085698-30.640903, 028-85244351,1,510100,,1,2001/9/18 3:26,2001/9/18 3:26,
173,78072, 传智快递成都成华锦东路营业点, 四川省成都市锦江区牛市口街道锦东路563号1层,104.105345-30.639361, 028-86719560,1,510100,,1,2004/9/25 5:48,2004/9/25 5:48,
174,95859, 传智快递成都金牛三洞桥营业点, 四川省成都市金牛区沙河源街道三洞桥路15号附8号,104.049929-30.675347, 028-64607228,1,510100,,1,2009/11/29 9:04,2009/11/29 9:04,
175,19870, 传智快递成都锦江东城根下街营业点, 四川省成都市青羊区少城街道槐树街33号附3号,104.055187-30.668809, 028-65213601,1,510100,,1,2011/10/14 8:55,2011/10/14 8:55,
176,88133, 传智快递成都武侯高华一街营业点, 四川省成都市武侯区双楠街道高华一街28号、32号,104.027579-30.643977, 028-85016019,1,510100,,1,2000/12/21 12:39,2000/12/21 12:39,
177,45522, 传智快递成都武侯普建苑营业点, 四川省成都市武侯区晋阳街道武阳大道一段129号普建苑一楼,104.012509-30.638966, 028-83138431,1,510100,,1,2016/12/18 20:24,2016/12/18 20:24,
178,26641, 传智快递成都新都北新路营业点, 四川省成都市新都区新都街道北新路445号14栋,104.165542-30.831885, 028-83046327,1,510100,,1,2004/12/2 15:12,2004/12/2 15:12,
179,25452, 传智快递成都市都江堰市通锦路营业点, 四川省成都市都江堰市通锦路459号,103.647699-30.971935, 028-87299058,1,510100,,1,2008/1/16 18:41,2008/1/16 18:41,
180,84198, 传智快递成都市锦江区宏顺街营业点, 四川省成都市锦江区宏顺街159号1楼,104.095401-30.641338, 028-85919065,1,510100,,1,2018/6/5 22:56,2018/6/5 22:56,
181,23892, 传智快递成都市锦江区锦兴路营业点, 四川省成都市锦江区锦兴路1号,104.074175-30.647985, 028-86730268,1,510100,,1,2006/1/18 11:17,2006/1/18 11:17,
182,53412, 传智快递成都市邛崃市临邛镇营业点, 四川省成都市邛崃市蜚虹路155号附9号至14号芳心园对面,0-0, 028-61781190,1,510100,,1,2018/2/9 13:19,2018/2/9 13:19,
183,24573, 传智快递成都市蒲江县鹤山镇营业点, 四川省成都市蒲江县清江大道31号,103.525331-30.197012, 028-88550451,1,510100,,1,2007/4/18 19:42,2007/4/18 19:42,
184,40125, 传智快递成都市成华区双林路营业点, 四川省成都市成华区猛追湾街道双林路266号,104.099905-30.657198, 028-84373158,1,510100,,1,2019/5/23 20:49,2019/5/23 20:49,
185,11578, 传智快递合肥长丰县水家湖营业点, 安徽省合肥市长丰县水湖镇长寿西路177号（长丰一中西200米处）,117.158483-32.482341, 0551-66660636,1,340100,,1,2018/4/4 4:09,2018/4/4 4:09,
186,11123, 传智快递合肥庐江县五里路营业点, 安徽省合肥市庐江县庐城镇方塔路与郭河路交口传智速运。,117.279538-31.269663, 0551-87011011,1,340100,,1,2008/2/20 2:51,2008/2/20 2:51,
187,10174, 传智快递合肥庐江县东方华庭营业点, 安徽省合肥市庐江县东方华庭E8＃幢108、109号（东方华庭北大门向西50米）,117.30537-31.239448, 0551-87369710,1,340100,,1,2014/5/13 1:37,2014/5/13 1:37,
188,34489, 传智快递合肥包河区黄山路营业部, 安徽省合肥市包河区芜湖路街道太湖中路68号同城花园101门面房,117.278585-31.832508, 0551-63641077,1,340100,,1,2013/8/8 19:16,2013/8/8 19:16,
189,24911, 传智快递合肥包河区联邦花园营业点, 安徽省合肥市包河区九华山路与马鞍山南路新都会.联邦花园18幢102-104,117.305327-31.840235, 0551-63445281,1,340100,,1,2010/7/21 19:45,2010/7/21 19:45,
190,13832, 传智快递合肥包河区滨江花月营业点, 安徽省合肥市包河区滨江花月小区二期（香樟苑小区）二号楼101号,117.314656-31.803088, 0551-63713508,1,340100,,1,2012/8/2 23:11,2012/8/2 23:11,
191,32267, 传智快递合肥市三里庵营业点, 安徽省合肥市蜀山区合作化北路158号（原181号）1幢,117.251322-31.86025, 0551-64235337,1,340100,,1,2015/8/2 6:32,2015/8/2 6:32,
192,41297, 传智快递合肥庐阳区中央花园营业点, 安徽省合肥市庐阳区沿河路116号中央花园3号楼门面,117.28255-31.875185, 0551-65617312,1,340100,,1,2014/11/14 6:49,2014/11/14 6:49,
193,67323, 传智快递合肥市蓝鲸营业部, 安徽省合肥市瑶海区胜利路与琅琊路交口蓝鲸大厦102门面房,0-0, 0551-62612931,1,340100,,1,2001/7/30 22:34,2001/7/30 22:34,
194,53826, 传智快递合肥瑶海区火车站营业点, 安徽省合肥市瑶海区站前路宝业家纺E座102室,117.319256-31.881622, 0551-64230122,1,340100,,1,2013/9/2 19:42,2013/9/2 19:42,
195,74410, 传智快递合肥市巢湖市景湖豪庭营业点, 安徽省合肥市巢湖市龟山路中凯小区门面房，南凤巢大酒店往西200米,117.872543-31.61413, 0551-63851295,1,340100,,1,2004/6/5 16:58,2004/6/5 16:58,
196,71074, 传智快递合肥包河区老明光体育馆营业点, 安徽省合肥市包河区包公街道香港街F幢102,117.288678-31.85105, 0551-62867846,1,340100,,1,2012/7/29 8:59,2012/7/29 8:59,
197,76460, 传智快递合肥蜀山区安高广场营业点, 安徽省合肥市蜀山区望江路与合作化路交叉口安高广场1、2层5-004门面,117.252237-31.827877, 0551-65130237,1,340100,,1,2017/12/10 23:21,2017/12/10 23:21,
198,77549, 传智快递合肥政务区五彩城营业点, 安徽省合肥市蜀山区南七街道西太湖路上品佳苑门面,117.249075-31.836289, 0551-62652827,1,340100,,1,2001/6/11 3:20,2001/6/11 3:20,
199,10251, 传智快递合肥瑶海区明光路街道营业点, 安徽省合肥市瑶海区大通路安美商业街D楼113号,117.310391-31.861525, 0551-64470907,1,340100,,1,2014/10/31 18:26,2014/10/31 18:26,
200,17633, 传智快递合肥瑶海区大通路街道营业点, 安徽省合肥市瑶海区和平路街道肥东路柏景轩17号商铺,117.326359-31.85383, 0551-64227094,1,340100,,1,2005/3/30 4:48,2005/3/30 4:48,
201,73710, 传智快递合肥蜀山区铜锣湾广场营业点, 安徽省合肥市蜀山区琥珀街道长丰南路159号铜锣湾广场111门面,117.223782-31.845366, 0551-65150371,1,340100,,1,2017/7/28 7:53,2017/7/28 7:53,
202,31488, 传智快递合肥瑶海区新亚汽车站营业点, 安徽省合肥市瑶海区胜利路街道站西路长春都市花园S栋门面,117.309989-31.880729, 0551-64470769,1,340100,,1,2007/4/10 2:49,2007/4/10 2:49,
203,74690, 传智快递合肥庐阳区元一滨水城营业点, 安徽省合肥市庐阳区固镇路与凤淮路交口瑞地祥和府北门,117.263911-31.892585, 0551-65535243,1,340100,,1,2017/9/8 18:20,2017/9/8 18:20,
204,14440, 传智快递合肥庐阳区安然绿洲花园营业点, 安徽省合肥市庐阳区四里河路66号安然绿洲花园14幢107号门面,117.236939-31.865731, 0551-65145643,1,340100,,1,2001/4/23 13:05,2001/4/23 13:05,
205,30862, 传智快递合肥肥西县上派凉亭营业点, 安徽省合肥市肥西县上派镇上小路与珍珠路交口兴众广场1-5号楼102-108门面,117.1576-31.728598, 0551-68829972,1,340100,,1,2006/1/6 23:56,2006/1/6 23:56,
206,74623, 传智快递合肥肥东县锦宏营业点, 安徽省合肥市肥东县定光新农村北区12栋S006、S007,117.468162-31.889258, 0551-67700173,1,340100,,1,2000/12/23 20:33,2000/12/23 20:33,
207,96232, 传智快递合肥市庐阳区茨河路营业点, 安徽省合肥市庐阳区亳州路街道藕塘路与茨河路交口金荷苑5#105,0-0, 0551-62631565,1,340100,,1,2016/3/18 9:10,2016/3/18 9:10,
208,37116, 传智快递合肥包河区世纪阳光花园营业点, 安徽省合肥市包河区马鞍山路世纪阳光花园绿阳苑8幢108-109,117.297008-31.83356, 0551-63422472,1,340100,,1,2019/5/22 4:04,2019/5/22 4:04,
209,12201, 传智快递东莞塘厦营业点, 东莞市,113.746262-23.046237,,1,441900,,1,2000/9/6 2:10,2000/9/6 2:10,
210,75176, 传智快递东莞虎门营业点, 东莞市,113.746262-23.046237,,1,441900,,1,2001/8/18 18:55,2001/8/18 18:55,
211,46335, 传智快递临海杜桥营业点, 台州市,121.428599-28.661378,,1,331000,,1,2007/8/1 1:19,2007/8/1 1:19,
212,41038, 传智快递六安独山营业点, 六安市,116.507676-31.752889,,1,341500,,1,2008/7/17 19:26,2008/7/17 19:26,
213,85056, 传智快递兴义黄草二分部营业点, 黔西南布依族苗族自治州,104.897971-25.08812,,1,522300,,1,2010/1/14 13:51,2010/1/14 13:51,
214,14227, 传智快递凯里榕江县营业点, 黔东南苗族侗族自治州,107.977488-26.583352,,1,522600,,1,2011/5/23 9:40,2011/5/23 9:40,
215,43556, 传智快递南海狮山营业点, 佛山市,113.122717-23.028762,,1,440600,,1,2005/1/21 22:45,2005/1/21 22:45,
216,68377, 传智快递南阳石桥镇营业点, 南阳市,112.540918-32.999082,,1,411300,,1,2016/4/6 12:16,2016/4/6 12:16,
217,21175, 传智快递吉安遂川县营业点, 吉安市,114.986373-27.111699,,1,360800,,1,2018/11/28 15:05,2018/11/28 15:05,
218,71679, 传智快递吉林双辽营业点, 四平市,124.370785-43.170344,,1,220300,,1,2006/3/9 4:30,2006/3/9 4:30,
219,78021, 传智快递吕梁临县营业点, 吕梁市,111.134335-37.524366,,1,141100,,1,2003/10/28 14:25,2003/10/28 14:25,
220,72674, 传智快递启东营业点, 南通市,120.864608-32.016212,,1,320600,,1,2011/3/16 7:42,2011/3/16 7:42,
221,86286, 传智快递周口太康县营业点, 周口市,114.649653-33.620357,,1,411600,,1,2017/10/13 1:07,2017/10/13 1:07,
222,58778, 传智快递哈尔滨大成街营业点, 哈尔滨市,126.535319-45.803131,,1,230100,,1,2001/9/18 3:26,2001/9/18 3:26,
223,55712, 传智快递大丰营业点, 盐城市,120.139998-33.377631,,1,320900,,1,2004/9/25 5:48,2004/9/25 5:48,
224,94012, 传智快递大竹营业点, 达州市,107.468023-31.209572,,1,511700,,1,2009/11/29 9:04,2009/11/29 9:04,
225,62369, 传智快递天津市场部营业点, 天津市,117.201538-39.085294,,1,120100,,1,2011/10/14 8:55,2011/10/14 8:55,
226,52932, 传智快递天津海泰分部营业点, 天津市,117.201538-39.085294,,1,120100,,1,2000/12/21 12:39,2000/12/21 12:39,
227,41312, 传智快递天津静海营业点, 天津市,117.201538-39.085294,,1,120100,,1,2016/12/18 20:24,2016/12/18 20:24,
228,71128, 传智快递宁武凤凰镇营业点, 忻州市,112.733538-38.41769,,1,140900,,1,2004/12/2 15:12,2004/12/2 15:12,
229,10799, 传智快递宝鸡陈仓一部营业点, 宝鸡市,107.14487-34.369315,,1,610300,,1,2008/1/16 18:41,2008/1/16 18:41,
230,40783, 传智快递常熟中通快递直营十营业点, 苏州市,120.619585-31.299379,,1,320500,,1,2018/6/5 22:56,2018/6/5 22:56,
231,13388, 传智快递广德营业点, 宣城市,118.757995-30.945667,,1,341800,,1,2006/1/18 11:17,2006/1/18 11:17,
232,30436, 传智快递开封半坡店乡营业点, 开封市,114.341447-34.797049,,1,410200,,1,2018/2/9 13:19,2018/2/9 13:19,
233,64290, 传智快递张家口万全县营业点, 张家口市,114.884091-40.811901,,1,130700,,1,2007/4/18 19:42,2007/4/18 19:42,
234,45116, 传智快递恩施来凤县营业点, 恩施土家族苗族自治州,109.48699-30.283114,,1,422800,,1,2019/5/23 20:49,2019/5/23 20:49,
235,82294, 传智快递成都龙泉驿营业点, 成都市,104.066143-30.573095,,1,510100,,1,2018/4/4 4:09,2018/4/4 4:09,
236,57141, 传智快递抚州黎川县营业点, 抚州市,116.358351-27.98385,,1,361000,,1,2008/2/20 2:51,2008/2/20 2:51,
237,83834, 传智快递昌邑岞山镇营业点, 潍坊市,119.107078-36.70925,,1,370700,,1,2014/5/13 1:37,2014/5/13 1:37,
238,76831, 传智快递曹县倪集乡营业点, 菏泽市,115.469381-35.246531,,1,371700,,1,2013/8/8 19:16,2013/8/8 19:16,
239,35859, 传智快递枣阳太平镇营业点, 襄阳市,112.144146-32.042426,,1,420600,,1,2010/7/21 19:45,2010/7/21 19:45,
240,50774, 传智快递武威营业点, 武威市,102.634697-37.929996,,1,620600,,1,2012/8/2 23:11,2012/8/2 23:11,
241,19463, 传智快递武昌南湖二分部营业点, 武汉市,114.305215-30.592935,,1,420100,,1,2015/8/2 6:32,2015/8/2 6:32,
242,19117, 传智快递武汉藏龙岛营业点, 武汉市,114.305215-30.592935,,1,420100,,1,2014/11/14 6:49,2014/11/14 6:49,
243,82425, 传智快递毕节金沙营业点, 毕节市,105.28501-27.301693,,1,520500,,1,2001/7/30 22:34,2001/7/30 22:34,
244,56516, 传智快递永州营业点, 永州市,111.608019-26.434516,,1,431100,,1,2013/9/2 19:42,2013/9/2 19:42,
245,11909, 传智快递江宁殷巷八部营业点, 南京市,118.796623-32.059352,,1,320100,,1,2004/6/5 16:58,2004/6/5 16:58,
246,33267, 传智快递江油重华镇营业点, 绵阳市,104.741722-31.46402,,1,510700,,1,2012/7/29 8:59,2012/7/29 8:59,
247,52802, 传智快递沙坪坝梨树湾营业点, 重庆市,106.550464-29.563761,,1,500100,,1,2017/12/10 23:21,2017/12/10 23:21,
248,79354, 传智快递沧州东光营业点, 沧州市,116.857461-38.310582,,1,410100,,1,2001/6/11 3:20,2001/6/11 3:20,
249,30249, 传智快递海港北港镇营业点, 秦皇岛市,119.586579-39.942531,,1,410100,,1,2014/10/31 18:26,2014/10/31 18:26,
250,12139, 传智快递濉溪铁佛镇营业点, 淮北市,116.794664-33.971707,,1,410100,,1,2005/3/30 4:48,2005/3/30 4:48,
251,74030, 传智快递瓯海巨溪南片营业点, 温州市,120.672111-28.000575,,1,330300,,1,2017/7/28 7:53,2017/7/28 7:53,
252,89455, 传智快递甘孜康定县营业点, 甘孜藏族自治州,101.963815-30.050663,,1,513300,,1,2007/4/10 2:49,2007/4/10 2:49,
253,81407, 传智快递聊城东阿县营业点, 聊城市,115.980367-36.456013,,1,371500,,1,2017/9/8 18:20,2017/9/8 18:20,
254,41582, 传智快递舒城杭埠镇营业点, 六安市,116.507676-31.752889,,1,341500,,1,2001/4/23 13:05,2001/4/23 13:05,
255,32638, 传智快递苏州虎丘二部营业点, 苏州市,120.619585-31.299379,,1,320500,,1,2006/1/6 23:56,2006/1/6 23:56,
256,23333, 传智快递襄樊营业点, 襄阳市,112.144146-32.042426,,1,420600,,1,2000/12/23 20:33,2000/12/23 20:33,
257,88062, 传智快递赣榆县营业点, 连云港市,119.178821-34.600018,,1,320700,,1,2016/3/18 9:10,2016/3/18 9:10,
258,69416, 传智快递邵阳营业点, 邵阳市,111.46923-27.237842,,1,430500,,1,2019/5/22 4:04,2019/5/22 4:04,
259,30638, 传智快递郑州高新区营业点, 郑州市,113.625351-34.746303,,1,410100,,1,2000/9/6 2:10,2000/9/6 2:10,
260,60447, 传智快递重庆江津营业点, 重庆市,106.550464-29.563761,,1,500100,,1,2001/8/18 18:55,2001/8/18 18:55,
261,82045, 传智快递青州何官镇营业点, 潍坊市,119.107078-36.70925,,1,370700,,1,2007/8/1 1:19,2007/8/1 1:19,
262,26260, 传智快递沧州孟村县营业点, 沧州市,116.857461-38.310582,,1,410100,,1,2008/7/17 19:26,2008/7/17 19:26,
263,23990, 传智快递洪泽营业点, 淮安市,119.021265-33.597506,,1,410100,,1,2010/1/14 13:51,2010/1/14 13:51,
264,18297, 传智快递深圳富民营业点, 深圳市,114.085947-22.547,,1,410100,,1,2011/5/23 9:40,2011/5/23 9:40,
265,76672, 传智快递焦作博爱营业点, 焦作市,113.238266-35.23904,,1,410800,,1,2005/1/21 22:45,2005/1/21 22:45,
266,69505, 传智快递福安营业点, 宁德市,119.527082-26.659241,,1,350900,,1,2016/4/6 12:16,2016/4/6 12:16,
267,64437, 传智快递舒城一部营业点, 六安市,116.507676-31.752889,,1,341500,,1,2018/11/28 15:05,2018/11/28 15:05,
268,39467, 传智快递莱芜营业点, 莱芜市,117.677736-36.214397,,1,371200,,1,2006/3/9 4:30,2006/3/9 4:30,
269,81451, 传智快递菏泽营业点, 菏泽市,115.469381-35.246531,,1,371700,,1,2003/10/28 14:25,2003/10/28 14:25,
270,42199, 传智快递西峡县营业点, 南阳市,112.540918-32.999082,,1,411300,,1,2011/3/16 7:42,2011/3/16 7:42,
271,30510, 传智快递邯郸峰峰矿区营业点, 邯郸市,114.490686-36.612273,,1,130400,,1,2017/10/13 1:07,2017/10/13 1:07,
272,19152, 传智快递郑州管城三部营业点, 郑州市,113.625351-34.746303,,1,410100,,1,2001/9/18 3:26,2001/9/18 3:26,
273,80796, 传智快递郴州永兴县营业点, 郴州市,113.014718-25.77051,,1,431000,,1,2004/9/25 5:48,2004/9/25 5:48,
274,29191, 传智快递长治城南分部营业点, 长治市,113.113556-36.191112,,1,140400,,1,2009/11/29 9:04,2009/11/29 9:04,
275,88195, 传智快递隆化县七家镇营业点, 承德市,117.939152-40.976204,,1,130800,,1,2011/10/14 8:55,2011/10/14 8:55,
276,98514, 传智快递黄骅市滕庄子乡营业点, 沧州市,116.857461-38.310582,,1,130900,,1,2000/12/21 12:39,2000/12/21 12:39,
277,80534, 传智快递温岭泽国镇营业点, 台州市,121.428599-28.661378,,1,331000,,1,2016/12/18 20:24,2016/12/18 20:24,
278,52735, 传智快递白城营业点, 白城市,122.841114-45.619026,,1,220800,,1,2004/12/2 15:12,2004/12/2 15:12,
279,53678, 传智快递南宫垂杨营业点, 邢台市,114.508851-37.0682,,1,130500,,1,2008/1/16 18:41,2008/1/16 18:41,
280,89199, 传智快递郑州市登封市嵩阳街道营业点, 河南省郑州市登封市嵩阳街道嵩阳路与魁星街交叉口西北角,113.03257-34.473097, 0371-62739965,1,410100,,1,2018/6/5 22:56,2018/6/5 22:56,
281,50869, 传智快递郑州市二七区普吉商务营业点, 河南省郑州市二七区淮河路街道淮北街民安路交叉口西北角,113.636246-34.731004, 0371-60908577,1,410100,,1,2006/1/18 11:17,2006/1/18 11:17,
282,49240, 传智快递郑州市中原区启福铭都营业点, 河南省郑州市中原区航海西路街道文化宫路沁河路交叉口东北角门面房,113.629337-34.757344, 0371-60107794,1,410100,,1,2018/2/9 13:19,2018/2/9 13:19,
283,61839, 传智快递郑州市中原区丁香里路营业点, 河南省郑州市高新区沟赵乡玉兰街12号,113.557499-34.80517,18336312506,1,410100,,1,2007/4/18 19:42,2007/4/18 19:42,
284,49222, 传智快递郑州市中原区莲花街营业点, 河南省郑州市高新区沟赵乡东史马小区南区80号商铺莲花街与雪松路交叉口（北100米路东）,113.558637-34.82898, 0371-58579199,1,410100,,1,2019/5/23 20:49,2019/5/23 20:49,
285,91559, 传智快递郑州巩义世博一品城营业点, 河南省郑州市巩义市孝义街道东周路西段世博一品城一号楼门面,113.028743-34.748921, 0371-63237377,1,410100,,1,2018/4/4 4:09,2018/4/4 4:09,
286,29040, 传智快递郑州市巩义市货场东路营业点, 河南省郑州市巩义市新华路街道新华路街道货场东路巩义黄河河务局楼下,112.996681-34.756938,18937166711,1,410100,,1,2008/2/20 2:51,2008/2/20 2:51,
287,23271, 传智快递郑州市惠济区天河路营业点, 河南省郑州市惠济区新城街道天河路与新城路交叉口向北300米路东惠城社区西门门面房,113.623105-34.878868,15378786773,1,410100,,1,2014/5/13 1:37,2014/5/13 1:37,
288,85081, 传智快递太原市小店区正阳营业点, 山西省太原市小店区正阳街人民南路交叉口阳光揽胜对面巩家堡,112.569667-37.722699,15364920289,1,140100,,1,2013/8/8 19:16,2013/8/8 19:16,
289,25941, 传智快递太原市小店区通达营业点, 山西省太原市小店区富康街与太茅路交叉口东北角（燕山加油站正对面）,112.562617-37.746249,18135109085,1,140100,,1,2010/7/21 19:45,2010/7/21 19:45,
290,50531, 传智快递太原市晋源区龙山营业点, 山西省太原市晋源区晋源街道永宁区3排7号,112.479056-37.755496,14735367602,1,140100,,1,2012/8/2 23:11,2012/8/2 23:11,
291,86362, 传智快递太原市迎泽区双东营业部, 山西省太原市迎泽区并州东街清风小居底商传智速运,112.583013-37.85195,14735367605,1,140100,,1,2015/8/2 6:32,2015/8/2 6:32,
292,99570, 传智快递太原市迎泽区金港营业部, 山西省太原市迎泽区青年东街4号,112.569999-37.853279,18135109167,1,140100,,1,2014/11/14 6:49,2014/11/14 6:49,
293,92540, 传智快递太原市迎泽区双西营业部, 山西省太原市迎泽区康乐南街南二巷37号,112.549144-37.848422,18135136402,1,140100,,1,2001/7/30 22:34,2001/7/30 22:34,
294,19089, 传智快递太原市万柏林区大王路营业点, 山西省太原市万柏林区千峰南路158号千峰茶城院内西南角,112.514307-37.814647,13353512052,1,140100,,1,2013/9/2 19:42,2013/9/2 19:42,
295,36508, 传智快递太原市杏花岭区北大街营业点, 山西省太原市杏花岭区北大街沙河堡6号7天连锁酒店西侧,112.554307-37.889511,15713509005,1,140100,,1,2004/6/5 16:58,2004/6/5 16:58,
296,68606, 传智快递太原市万柏林区兴华营业点, 山西省太原市万柏林区华宇购物广场后北屯村铁门进去飞狐网吧北50米然后右拐100米,112.523361-37.873279,15388517936,1,140100,,1,2012/7/29 8:59,2012/7/29 8:59,
297,85583, 传智快递太原市杏花岭区名都速运营业点, 山西省太原市杏花岭区解放北路161号恒大名都1号楼1013,112.557954-37.901701,15303415485,1,140100,,1,2017/12/10 23:21,2017/12/10 23:21,
298,41073, 传智快递太原市古交市青山速运营业点, 山西省太原市古交市青山路19号文化苑幼儿园旁,112.16686-37.89814,,1,140100,,1,2001/6/11 3:20,2001/6/11 3:20,
299,54534, 传智快递太原市万柏林区金阳营业点, 山西省太原市万柏林区千峰街道迎泽西大街泽峪园小区底商C003传智速运,112.484183-37.85877,18536891009,1,140100,,1,2014/10/31 18:26,2014/10/31 18:26,
300,73409, 传智快递山西太原小店区顺达速运营业点, 山西省太原市小店区小店街道汾东北路西一巷6号小店街道二中斜对面,112.56166-37.752618,13393415008,1,140100,,1,2005/3/30 4:48,2005/3/30 4:48,
301,20122, 传智快递太原市杏花岭区坝陵速运营业点, 山西省太原市杏花岭区坝陵路晋府花园（2号楼1单元1号底商）,112.571335-37.882654,18135136400,1,140100,,1,2005/3/30 4:48,2005/3/30 4:48,
302,95767, 传智快递太原市迎泽区柳巷营业部, 山西省太原市迎泽区柳巷街道鼓楼街26号鼓楼金湾小区西门面房11户,112.566394-37.870239,15333602960,1,140100,,1,2005/3/30 4:48,2005/3/30 4:48,
303,19233, 传智快递太原市杏花岭区东山营业点, 山西省太原市杏花岭区杨家峪街道28号底商,112.607741-37.88396,15386994887,1,140100,,1,2005/3/30 4:48,2005/3/30 4:48,
304,48129, 传智快递太原市阳曲县新阳速运营业点, 山西省太原市阳曲县阳曲县大运路城市家园3号楼底商,112.561657-37.869068,13313412265,1,140100,,1,2005/3/30 4:48,2005/3/30 4:48,
305,90143, 传智快递太原市迎泽区天龙营业点, 山西省太原市迎泽区新建北路18号院科技日报院内,112.551819-37.862811,15343483779,1,140100,,1,2005/3/30 4:48,2005/3/30 4:48,
306,88639, 传智快递山西太原万柏林区金峪速运营业点, 山西省太原市万柏林区小井峪街道小井峪街道32号院干打垒小区35号楼1单元101,112.502372-37.845596,13546115728,1,140100,,1,2005/3/30 4:48,2005/3/30 4:48,
307,44754, 传智快递山西太原杏花岭龙潭速运营业点, 山西省太原市杏花岭区三桥街道柳溪街5号柳溪街5号,112.548237-37.883051,13613517829,1,140100,,1,2005/3/30 4:48,2005/3/30 4:48,
308,28037, 传智快递山西省太原市娄烦县汾源速运营业点, 山西省太原市娄烦县娄烦镇南区鸿业小区底商南区鸿业小区底商,0-0,19935127257,1,140100,,1,2005/3/30 4:48,2005/3/30 4:48,
309,20807, 传智快递山西省太原市万柏林区理工速运营业点, 山西省太原市万柏林区千峰街道迎泽西大街千峰南路一号移村15号楼底商,112.516442-37.856101,18536891590,1,140100,,1,2005/3/30 4:48,2005/3/30 4:48,
310,67241, 传智快递山西太原万柏林区南内环速运营业点, 山西省太原市万柏林区长风西街街道南内环西街2号万水澜庭底商,112.529386-37.837227,15386990170,1,140100,,1,2005/3/30 4:48,2005/3/30 4:48,
